<?xml version="1.0" encoding="utf-8"?>
<databaseChangeLog
    xmlns="http://www.liquibase.org/xml/ns/dbchangelog"
    xmlns:ext="http://www.liquibase.org/xml/ns/dbchangelog-ext"
    xmlns:xsi="http://www.w3.org/2001/XMLSchema-instance"
    xsi:schemaLocation="http://www.liquibase.org/xml/ns/dbchangelog http://www.liquibase.org/xml/ns/dbchangelog/dbchangelog-4.3.xsd
                        http://www.liquibase.org/xml/ns/dbchangelog-ext http://www.liquibase.org/xml/ns/dbchangelog/dbchangelog-ext.xsd">

    <!--
        Added the entity PersonalInfo.
    -->
    <changeSet id="20210915111837-1" author="jhipster">
        <createTable tableName="personal_info">
            <column name="id" type="bigint" autoIncrement="true">
                <constraints primaryKey="true" nullable="false"/>
            </column>
            <column name="name" type="varchar(255)">
                <constraints nullable="true" />
            </column>
            <column name="last_name" type="varchar(255)">
                <constraints nullable="true" />
            </column>
            <column name="username" type="varchar(255)">
                <constraints nullable="true" />
            </column>
            <column name="consumer_photo" type="varchar(255)">
                <constraints nullable="true" />
            </column>
            <column name="background_photo" type="varchar(255)">
                <constraints nullable="true" />
            </column>
            <column name="country_code" type="varchar(255)">
                <constraints nullable="true" />
            </column>
            <column name="authentication_type" type="varchar(255)">
                <constraints nullable="true" />
            </column>
            <column name="email" type="varchar(255)">
                <constraints nullable="true" />
            </column>
            <column name="phone_number" type="varchar(255)">
                <constraints nullable="true" />
            </column>
            <column name="address" type="varchar(255)">
                <constraints nullable="true" />
            </column>
            <column name="password" type="varchar(255)">
                <constraints nullable="true" />
            </column>
            <!-- jhipster-needle-liquibase-add-column - JHipster will add columns here -->
        </createTable>
    </changeSet>

    <!-- jhipster-needle-liquibase-add-changeset - JHipster will add changesets here -->

    <!--
        Load sample data generated with Faker.js
        - This data can be easily edited using a CSV editor (or even MS Excel) and
          is located in the 'src/main/resources/config/liquibase/fake-data' directory
        - By default this data is applied when running with the JHipster 'dev' profile.
          This can be customized by adding or removing 'faker' in the 'spring.liquibase.contexts'
          Spring Boot configuration key.
    -->
    <changeSet id="20210915111837-1-data" author="jhipster" context="faker">
        <loadData
                  file="config/liquibase/fake-data/personal_info.csv"
                  separator=";"
                  tableName="personal_info">
            <column name="id" type="numeric"/>
            <column name="name" type="string"/>
            <column name="last_name" type="string"/>
            <column name="username" type="string"/>
            <column name="consumer_photo" type="string"/>
            <column name="background_photo" type="string"/>
            <column name="country_code" type="string"/>
            <column name="authentication_type" type="string"/>
            <column name="email" type="string"/>
            <column name="phone_number" type="string"/>
            <column name="address" type="string"/>
            <column name="password" type="string"/>
            <!-- jhipster-needle-liquibase-add-loadcolumn - JHipster (and/or extensions) can add load columns here -->
        </loadData>
    </changeSet>
</databaseChangeLog>
