id;name;last_name;username;consumer_photo;background_photo;country_code;authentication_type;email;phone_number;address;password
1;Shoal invoice;Kreiger;transmit;Senegal Pants Buckinghamshire;Cambridgeshire microchip;TR;EMAIL;Agustin_Jacobs3@yahoo.com;Account Borders Global;Organized;EXE
2;bus;Schulist;Program Tasty El;innovative Leu Morocco;Fresh;YE;EMAIL;Ward_Anderson63@yahoo.com;Marketing;Avon;Steel Fresh Dinar
3;Plastic;Morissette;Place Dinar;heuristic connect non-volatile;Granite Home transparent;ME;MOBILE;Shad20@gmail.com;portals line;executive;Tuna
4;support dot-com deliver;Bradtke;Borders;Plastic transmit Bedfordshire;black;SK;MOBILE;Lori_Hammes@hotmail.com;explicit Soft cross-platform;New;Account salmon end-to-end
5;Franc well-modulated;Jacobi;Vermont Palladium B2B;connecting generation;Guyana Samoa bus;BJ;EMAIL;Sabrina_Barton@hotmail.com;application;application Accounts portal;Internal Granite Developer
6;Peso Producer;Wehner;Mississippi;invoice;payment;CG;EMAIL;Ryder_OKon38@yahoo.com;navigate dot-com;reciprocal redundant RAM;Table
7;web-enabled Intranet Fresh;Rosenbaum;bypass Mouse;bi-directional Market;RAM;VE;MOBILE;Lexie_Corkery@yahoo.com;24/7 Sweden;payment;Toys lavender Investment
8;Division;Hettinger;Group generate hacking;auxiliary Optimization;COM Liaison;VG;EMAIL;Caroline_Bergnaum85@gmail.com;back Manager 6th;payment capacitor;Buckinghamshire Home
9;invoice;Gulgowski;back;Hong Valleys payment;brand hack silver;FI;EMAIL;Walker18@hotmail.com;Web Persistent;high-level Quality turquoise;Universal
10;relationships;Senger;bypassing National;Massachusetts Sports;networks Proactive transmit;GT;EMAIL;Evalyn40@hotmail.com;infrastructures;Refined Health;redundant content
